{
    "metadata": {
        "timestamp": "20260407_143207",
        "final_cost_score": 0.03269183214551952,
        "optimizer": "manual_tuner"
    },
    "hardware": {
        "z_height_cm": 5.0,
        "angle_deg": 20.0,
        "r_min_cm": 1.0,
        "r_max_cm": 33.6,
        "wire_diameter_cm": 0.4,
        "max_turns": 5,
        "eval_limit_cm": 30.0,
        "bucking_buffer_cm": -10.0
    },
    "target_well": {
        "V_min": 0.8500000000000001,
        "x_hover": 2.0,
        "w_wall": 7.0,
        "n_shape": 2.0
    },
    "electrical_properties": {
        "estimated_inductance_uH": 6611.49
    },
    "optimized_coil": {
        "radii_cm": [
            1.0,
            1.4,
            1.8,
            2.2,
            2.6,
            3.0,
            3.4,
            3.8,
            4.2,
            4.6,
            5.0,
            5.4,
            5.8,
            6.2,
            6.6,
            7.0,
            7.4,
            7.8,
            8.2,
            8.6,
            9.0,
            9.4,
            9.8,
            10.2,
            10.6,
            11.0,
            11.4,
            11.8,
            12.2,
            12.6,
            13.0,
            13.4,
            13.8,
            14.2,
            14.6,
            15.0,
            15.4,
            15.8,
            16.2,
            16.6,
            17.0,
            17.4,
            17.8,
            18.2,
            18.6,
            19.0,
            19.4,
            19.8,
            20.2,
            20.6,
            21.0,
            21.4,
            21.8,
            22.2,
            22.6,
            23.0,
            23.4,
            23.8,
            24.2,
            24.6,
            25.0,
            25.4,
            25.8,
            26.2,
            26.6,
            27.0,
            27.4,
            27.8,
            28.2,
            28.6,
            29.0,
            29.4,
            29.8,
            30.2,
            30.6,
            31.0,
            31.4,
            31.8,
            32.2,
            32.6,
            33.0
        ],
        "turns": [
            0,
            0,
            0,
            0,
            0,
            0,
            0,
            0,
            0,
            0,
            0,
            0,
            0,
            0,
            0,
            0,
            0,
            0,
            0,
            0,
            0,
            0,
            0,
            0,
            0,
            0,
            1,
            0,
            1,
            0,
            1,
            0,
            1,
            0,
            1,
            0,
            1,
            0,
            1,
            0,
            0,
            0,
            0,
            0,
            0,
            0,
            2,
            0,
            2,
            0,
            2,
            0,
            2,
            0,
            2,
            0,
            2,
            0,
            0,
            0,
            0,
            0,
            4,
            0,
            4,
            0,
            5,
            0,
            5,
            0,
            5,
            0,
            5,
            0,
            5,
            0,
            5,
            0,
            0,
            0,
            0
        ]
    }
}