File Name,Power Supply (V),Current Probe (A),Resistor Meas. (A),Theoretical (A)
dc1_meas,1.1337,0.59346,-0.90988,0.55303
dc2_meas,2.1184,1.0453,-1.32729,1.0334
dc3_meas,3.0987,1.4944,-1.81286,1.5116
dc4_meas,4.1558,1.9771,-2.30295,2.0272
dc5_meas,5.1299,2.4241,-2.73005,2.5024
dc6_meas,6.0571,2.8405,-3.20882,2.9547
